,ESPN_ID,ESPN_NAME,AGE,POSITION,YEARS,TOTAL_VALUE,YEAR_SIGNED
0,6262,Jeremy Accardo,29,RP,1,1080000,2010
0,29223,Alfredo Aceves,28,RP,1,650000,2010
0,28525,Matt Albers,27,RP,1,875000,2010
0,4159,Rick Ankiel,31,CF,1,1500000,2010
0,4811,Grant Balfour,33,RP,2,8100000,2010
0,4207,Rod Barajas,35,C,1,3250000,2010
0,3878,Adrian Beltre,31,3B,6,96000000,2010
0,4588,Joaquin Benoit,33,RP,3,16500000,2010
0,4118,Lance Berkman,34,DH,1,8000000,2010
0,3701,Henry Blanco,39,C,1,1250000,2010
0,4603,Willie Bloomquist,33,SS,1,900000,2010
0,4146,Geoff Blum,37,3B,2,2700000,2010
0,6224,Taylor Buchholz,29,RP,1,600000,2010
0,5407,John Buck,30,C,3,18000000,2010
0,4214,Pat Burrell,34,LF,1,1000000,2010
0,6347,Melky Cabrera,26,CF,1,1250000,2010
0,3425,Miguel Cairo,36,1B,2,2000000,2010
0,6033,Jorge Cantu,28,3B,1,850000,2010
0,5469,Chris Capuano,32,RP,1,1500000,2010
0,5393,D.J. Carrasco,33,RP,2,2500000,2010
0,3926,Bruce Chen,33,SP,1,2000000,2010
0,4440,Randy Choate,35,RP,2,2500000,2010
0,6221,Todd Coffey,30,RP,1,1350000,2010
0,5373,Jose Contreras,39,RP,2,5500000,2010
0,5580,Kevin Correia,30,SP,2,8000000,2010
0,3386,Craig Counsell,40,2B,1,1400000,2010
0,5905,Jesse Crain,29,RP,3,13000000,2010
0,5035,Carl Crawford,29,LF,7,142000000,2010
0,4609,Jack Cust,31,LF,1,2500000,2010
0,3323,Johnny Damon,37,LF,1,5250000,2010
0,5906,Jorge De La Rosa,29,RP,2,21500000,2010
0,5595,Matt Diaz,32,LF,2,4250000,2010
0,3950,Octavio Dotel,37,RP,1,3500000,2010
0,4286,Scott Downs,34,RP,3,15000000,2010
0,4816,Justin Duchscherer,33,SP,1,700000,2010
0,4808,Adam Dunn,31,DH,4,56000000,2010
0,5904,Edwin Encarnacion,27,1B,1,2500000,2010
0,4049,Kyle Farnsworth,34,RP,1,3250000,2010
0,5314,Pedro Feliciano,34,RP,2,8000000,2010
0,6038,Jeff Francis,29,RP,1,2000000,2010
0,5963,Frank Francisco,31,RP,1,4000000,2010
0,5938,Jason Frasor,33,RP,1,3500000,2010
0,4731,Brian Fuentes,35,RP,2,10500000,2010
0,4235,Jon Garland,31,SP,1,5000000,2010
0,6531,Sean Green,31,RP,1,875000,2010
0,5641,Kevin Gregg,32,RP,2,10000000,2010
0,3576,Vladimir Guerrero,35,RF,1,8000000,2010
0,5998,Matt Guerrier,32,RP,3,12000000,2010
0,28516,Tony Gwynn,28,CF,1,675000,2010
0,3966,Jerry Hairston Jr.,34,3B,1,2000000,2010
0,5311,Bill Hall,31,3B,1,3250000,2010
0,5181,Aaron Harang,32,SP,1,4000000,2010
0,5955,Brad Hawpe,31,1B,1,3000000,2010
0,5410,Aaron Heilman,32,RP,1,2000000,2010
0,4097,Ramon Hernandez,34,C,1,3000000,2010
0,4606,Eric Hinske,33,1B,1,1450000,2010
0,6312,J.P. Howell,27,RP,1,1100000,2010
0,5029,Orlando Hudson,33,3B,2,11500000,2010
0,4479,Aubrey Huff,34,1B,2,22000000,2010
0,4607,Cesar Izturis,30,SS,1,1500000,2010
0,5910,Bobby Jenks,29,RP,2,12000000,2010
0,3246,Derek Jeter,36,SS,3,51000000,2010
0,3520,Andruw Jones,33,LF,1,2000000,2010
0,5012,Austin Kearns,30,RF,1,1300000,2010
0,3747,Paul Konerko,34,DH,3,37500000,2010
0,3685,Mark Kotsay,35,LF,1,800000,2010
0,28950,Hiroki Kuroda,35,SP,1,12000000,2010
0,5465,Gerald Laird,31,C,1,1000000,2010
0,5879,Adam LaRoche,31,DH,2,16000000,2010
0,5353,Cliff Lee,32,SP,5,120000000,2010
0,3614,Derrek Lee,35,1B,1,7500000,2010
0,28574,Fred Lewis,30,OF,1,900000,2010
0,6390,Russell Martin,27,C,1,4000000,2010
0,5007,Victor Martinez,32,DH,4,50000000,2010
0,5372,Hideki Matsui,36,LF,1,4250000,2010
0,4078,Melvin Mora,38,3B,1,2000000,2010
0,6214,Dustin Moseley,29,SP,1,900000,2010
0,4564,Xavier Nady,32,RF,1,1750000,2010
0,5902,Dioner Navarro,26,C,1,1000000,2010
0,5219,Wil Nieves,33,C,1,775000,2010
0,30966,Tsuyoshi Nishioka,26,2B,3,9000000,2010
0,4563,Will Ohman,33,RP,2,4000000,2010
0,28630,Hideki Okajima,35,RP,1,1750000,2010
0,5355,Miguel Olivo,32,C,2,7000000,2010
0,3728,Magglio Ordonez,36,RF,1,10000000,2010
0,4598,Lyle Overbay,33,1B,1,5000000,2010
0,4096,Vicente Padilla,33,RP,1,2000000,2010
0,5394,Ronny Paulino,29,C,1,1300000,2010
0,3784,Carl Pavano,34,SP,2,16500000,2010
0,4594,Carlos Pena,32,1B,1,10000000,2010
0,4115,Brad Penny,32,SP,1,3000000,2010
0,5527,Jhonny Peralta,28,3B,2,11250000,2010
0,6287,Joel Peralta,34,RP,1,950000,2010
0,3948,A.J. Pierzynski,34,C,2,8000000,2010
0,4946,Nick Punto,33,2B,1,750000,2010
0,5640,J.J. Putz,33,RP,2,10000000,2010
0,6034,Chad Qualls,32,RP,1,1500000,2010
0,2974,Manny Ramirez,38,LF,1,2000000,2010
0,4572,Jon Rauch,32,RP,1,3500000,2010
0,3441,Edgar Renteria,35,SS,1,2100000,2010
0,2578,Arthur Rhodes,41,RP,1,3900000,2010
0,3240,Mariano Rivera,41,RP,2,30000000,2010
0,4202,J.C. Romero,34,RP,1,1350000,2010
0,6183,Ryan Rowland-Smith,27,RP,1,725000,2010
0,6498,Takashi Saito,40,RP,1,1750000,2010
0,6031,George Sherrill,33,RP,1,1200000,2010
0,4600,Rafael Soriano,31,RP,3,35000000,2010
0,30613,Hisanori Takahashi,35,RP,2,8000000,2010
0,3727,Miguel Tejada,36,2B,1,6500000,2010
0,5189,Marcus Thames,33,LF,1,1000000,2010
0,2604,Jim Thome,40,DH,1,3000000,2010
0,4568,Yorvit Torrealba,32,C,2,6250000,2010
0,5984,Matt Treanor,34,C,1,850000,2010
0,30130,Koji Uehara,35,RP,1,3000000,2010
0,4657,Juan Uribe,31,3B,3,21000000,2010
0,3760,Jason Varitek,38,C,1,2000000,2010
0,3786,Javier Vazquez,34,SP,1,7000000,2010
0,5455,Brandon Webb,31,SP,1,3000000,2010
0,4262,Jayson Werth,31,LF,7,126000000,2010
0,4422,Jake Westbrook,33,SP,2,16500000,2010
0,4170,Dan Wheeler,33,RP,1,3000000,2010
0,5176,Ty Wigginton,33,3B,2,8000000,2010
0,3821,Kerry Wood,33,RP,1,1500000,2010
0,6073,Chris Young,31,SP,1,1100000,2010
0,32053,Norichika Aoki,29,RF,2,2250000,2011
0,4207,Rod Barajas,36,C,1,4000000,2011
0,5798,Clint Barmes,32,SS,2,10500000,2011
0,5099,Erik Bedard,32,SP,1,4500000,2011
0,6084,Heath Bell,34,RP,3,27000000,2011
0,3971,Carlos Beltran,34,DH,2,26000000,2011
0,6218,Yuniesky Betancourt,29,1B,1,2000000,2011
0,4968,Wilson Betemit,30,SS,2,3250000,2011
0,4149,Casey Blake,38,3B,1,2000000,2011
0,3701,Henry Blanco,40,C,1,1250000,2011
0,4603,Willie Bloomquist,34,SS,2,3800000,2011
0,6370,Jonathan Broxton,27,RP,1,4000000,2011
0,4454,Mark Buehrle,32,SP,4,58000000,2011
0,5930,Shawn Camp,36,RP,1,750000,2011
0,6450,Matt Capps,28,RP,1,4750000,2011
0,5469,Chris Capuano,33,RP,2,10000000,2011
0,5349,Jamey Carroll,37,3B,2,6750000,2011
0,4727,Endy Chavez,33,RF,1,1500000,2011
0,3926,Bruce Chen,34,SP,2,9000000,2011
0,32048,Wei-Yin Chen,26,SP,3,11338000,2011
0,6221,Todd Coffey,31,RP,1,1300000,2011
0,3602,Bartolo Colon,38,SP,1,900000,2011
0,4139,Francisco Cordero,36,RP,1,4500000,2011
0,5299,Coco Crisp,32,LF,2,14000000,2011
0,4604,Michael Cuddyer,32,LF,3,31500000,2011
0,32055,Yu Darvish,25,SP,6,60000000,2011
0,5799,David DeJesus,32,LF,2,10000000,2011
0,3933,Mark DeRosa,36,2B,1,800000,2011
0,6099,Greg Dobbs,33,1B,2,3000000,2011
0,3950,Octavio Dotel,38,RP,1,3500000,2011
0,6304,Ryan Doumit,30,LF,1,3000000,2011
0,5086,Mark Ellis,34,2B,2,8750000,2011
0,5915,Prince Fielder,27,DH,9,214000000,2011
0,5963,Frank Francisco,32,RP,2,12000000,2011
0,28948,Kosuke Fukudome,34,LF,1,1000000,2011
0,4243,Rafael Furcal,34,2B,2,14000000,2011
0,4007,Freddy Garcia,35,SP,1,4000000,2011
0,5860,Jonny Gomes,31,LF,1,1000000,2011
0,3916,Alex Gonzalez,34,SS,1,4250000,2011
0,5401,Scott Hairston,31,LF,1,1100000,2011
0,3966,Jerry Hairston Jr.,35,3B,2,6000000,2011
0,5181,Aaron Harang,33,SP,2,12000000,2011
0,3176,LaTroy Hawkins,39,RP,1,3000000,2011
0,6358,Clay Hensley,32,SP,1,750000,2011
0,4097,Ramon Hernandez,35,C,2,6400000,2011
0,6190,Aaron Hill,29,2B,2,11000000,2011
0,30965,Hisashi Iwakuma,30,SP,1,1500000,2011
0,5452,Reed Johnson,35,LF,1,1150000,2011
0,3520,Andruw Jones,34,LF,1,2000000,2011
0,4157,Adam Kennedy,35,3B,1,800000,2011
0,6076,Jeff Keppinger,31,2B,1,1525000,2011
0,5918,Casey Kotchman,28,1B,1,3000000,2011
0,3685,Mark Kotsay,36,LF,1,1250000,2011
0,6102,Jason Kubel,29,LF,2,15000000,2011
0,6415,Hong-Chih Kuo,30,RP,1,500000,2011
0,28950,Hiroki Kuroda,36,SP,1,10000000,2011
0,5465,Gerald Laird,32,C,1,1000000,2011
0,5102,Brad Lidge,35,RP,1,1000000,2011
0,4634,Mike MacDougal,34,RP,1,1000000,2011
0,5382,Ryan Madson,31,RP,1,8500000,2011
0,6398,Paul Maholm,29,RP,1,4750000,2011
0,4409,Jason Marquis,33,SP,1,3000000,2011
0,4108,John McDonald,37,3B,2,3000000,2011
0,6220,Nate McLouth,30,LF,1,1750000,2011
0,29236,Jose Mijares,27,RP,1,925000,2011
0,4169,Jose Alberto Molina,20,RP,1,1500000,2011
0,4053,Guillermo Mota,38,RP,1,1000000,2011
0,4044,Joe Nathan,37,RP,2,14500000,2011
0,5576,Laynce Nix,31,RF,2,2500000,2011
0,2969,Darren Oliver,41,RP,1,4000000,2011
0,28660,Micah Owings,29,RP,1,1000000,2011
0,6373,Jonathan Papelbon,31,RP,4,50000058,2011
0,4594,Carlos Pena,33,1B,1,7250000,2011
0,4450,Wily Mo Pena,29,LF,2,4050000,2011
0,4574,Albert Pujols,31,1B,10,250000000,2011
0,4946,Nick Punto,34,2B,3,3000000,2011
0,6034,Chad Qualls,33,RP,1,1150000,2011
0,3853,Aramis Ramirez,33,3B,3,36000000,2011
0,4572,Jon Rauch,33,RP,1,3500000,2011
0,5411,Jose Reyes,28,SS,6,106000000,2011
0,4956,Juan Rivera,33,LF,1,4500000,2011
0,5111,Fernando Rodney,34,RP,1,2000000,2011
0,4258,Jimmy Rollins,33,SS,3,38000000,2011
0,4202,J.C. Romero,35,RP,1,750000,2011
0,5404,Cody Ross,31,RF,1,3000000,2011
0,6498,Takashi Saito,41,RP,1,1750000,2011
0,5178,Ramon Santiago,32,3B,2,4200000,2011
0,6383,Joe Saunders,30,SP,1,6000000,2011
0,4388,Brian Schneider,35,C,1,800000,2011
0,6229,Luke Scott,33,DH,1,6000000,2011
0,6031,George Sherrill,34,RP,1,1100000,2011
0,6200,Kelly Shoppach,31,C,1,1350000,2011
0,5882,Grady Sizemore,29,LF,1,5000000,2011
0,6070,Chris Snyder,30,C,1,750000,2011
0,6437,Ryan Theriot,32,2B,1,1250000,2011
0,2604,Jim Thome,41,DH,1,1250000,2011
0,5984,Matt Treanor,35,C,1,850000,2011
0,32042,Tsuyoshi Wada,30,SP,2,8150000,2011
0,6209,Chien-Ming Wang,31,RP,1,4000000,2011
0,6342,Eli Whiteside,32,C,1,600000,2011
0,6024,Josh Willingham,32,LF,3,21000000,2011
0,5470,Dontrelle Willis,29,SP,1,850000,2011
0,6311,C.J. Wilson,31,SP,5,77500000,2011
0,4627,Jack Wilson,34,SS,1,1000000,2011
0,3821,Kerry Wood,34,RP,1,3000000,2011
0,6392,Joel Zumaya,27,RP,1,850000,2011
0,5969,Mike Adams,34,RP,2,12000000,2012
0,5061,Jeremy Affeldt,33,RP,3,18000000,2012
0,6261,Scott Baker,31,SP,1,5500000,2012
0,4118,Lance Berkman,36,DH,1,11000000,2012
0,6132,Joe Blanton,32,RP,2,15000000,2012
0,28535,Michael Bourn,30,CF,4,48000000,2012
0,6370,Jonathan Broxton,28,RP,3,21000000,2012
0,5384,Sean Burnett,30,RP,2,8000000,2012
0,6347,Melky Cabrera,28,CF,2,16000000,2012
0,3953,Eric Chavez,35,3B,1,3000000,2012
0,4440,Randy Choate,37,RP,3,7500000,2012
0,3602,Bartolo Colon,39,SP,1,3000000,2012
0,5580,Kevin Correia,32,SP,2,10000000,2012
0,3845,Ryan Dempster,35,SP,2,26500000,2012
0,6298,Stephen Drew,29,SS,1,9500000,2012
0,6384,Scott Feldman,29,SP,1,6000000,2012
0,6038,Jeff Francis,31,RP,1,1500000,2012
0,5938,Jason Frasor,35,RP,1,1500000,2012
0,32583,Kyuji Fujikawa,32,RP,2,9000000,2012
0,5860,Jonny Gomes,32,LF,2,10000000,2012
0,5642,Mike Gonzalez,34,RP,1,2225000,2012
0,6449,Tom Gorzelanny,30,RP,2,5700000,2012
0,5883,Zack Greinke,29,SP,6,147000000,2012
0,4350,Jason Grilli,36,RP,2,6750000,2012
0,5370,Jeremy Guthrie,33,SP,3,25000000,2012
0,4652,Josh Hamilton,31,LF,5,123000000,2012
0,28468,Jack Hannahan,32,3B,2,4000000,2012
0,5565,Dan Haren,32,SP,1,13000000,2012
0,6356,Roberto Hernandez,32,SP,1,3250000,2012
0,4606,Eric Hinske,35,1B,1,1350000,2012
0,6312,J.P. Howell,29,RP,1,2850000,2012
0,3723,Torii Hunter,37,RF,2,26000000,2012
0,3504,Raul Ibanez,40,RF,1,2750000,2012
0,30965,Hisashi Iwakuma,31,SP,2,14000000,2012
0,6087,Maicer Izturis,32,2B,3,10000000,2012
0,5842,Edwin Jackson,29,SP,4,52000000,2012
0,5452,Reed Johnson,36,LF,1,1750000,2012
0,28854,Jair Jurrjens,26,SP,1,1500000,2012
0,28552,Jeff Karstens,30,SP,1,2500000,2012
0,6076,Jeff Keppinger,32,2B,3,12000000,2012
0,28950,Hiroki Kuroda,37,SP,1,15000000,2012
0,28834,John Lannan,28,SP,1,2500000,2012
0,5879,Adam LaRoche,33,DH,2,24000000,2012
0,6211,Francisco Liriano,29,SP,1,1000000,2012
0,6497,James Loney,28,1B,1,2000000,2012
0,5036,Ryan Ludwick,34,LF,2,15000000,2012
0,5382,Ryan Madson,32,RP,1,3500000,2012
0,4409,Jason Marquis,34,SP,1,3000000,2012
0,6390,Russell Martin,29,C,2,17000000,2012
0,6191,Brandon McCarthy,29,SP,2,15500000,2012
0,6220,Nate McLouth,31,LF,1,2000000,2012
0,28885,Nyjer Morgan,32,CF,1,1600000,2012
0,5017,Brett Myers,32,SP,1,7000000,2012
0,32584,Hiroyuki Nakajima,30,SS,2,6500000,2012
0,28444,Mike Napoli,31,1B,1,5000000,2012
0,5902,Dioner Navarro,28,C,1,1175000,2012
0,6488,Angel Pagan,31,LF,4,40000000,2012
0,28507,Mike Pelfrey,28,SP,1,4000000,2012
0,4594,Carlos Pena,34,1B,1,2900000,2012
0,6287,Joel Peralta,36,RP,2,6000000,2012
0,5192,Oliver Perez,31,RP,1,1500000,2012
0,3171,Andy Pettitte,40,SP,1,12000000,2012
0,4486,Juan Pierre,35,LF,1,1600000,2012
0,3948,A.J. Pierzynski,36,C,1,7500000,2012
0,3888,Placido Polanco,37,3B,1,2750000,2012
0,28772,Mark Reynolds,29,1B,1,6000000,2012
0,3240,Mariano Rivera,43,RP,1,10000000,2012
0,5404,Cody Ross,32,RF,3,26000000,2012
0,5206,David Ross,35,C,2,6200000,2012
0,32582,Hyun-Jin Ryu,25,SP,6,36000000,2012
0,6472,Anibal Sanchez,28,SP,5,80000000,2012
0,28815,Nate Schierholtz,28,RF,1,2225000,2012
0,5217,Marco Scutaro,37,2B,3,20000000,2012
0,6200,Kelly Shoppach,32,C,1,1500000,2012
0,28688,Joakim Soria,28,RP,2,8000000,2012
0,4600,Rafael Soriano,33,RP,2,28000000,2012
0,6428,Geovany Soto,29,C,1,2750000,2012
0,28722,Ian Stewart,27,3B,1,2000000,2012
0,4570,Ichiro Suzuki,39,RF,2,13000000,2012
0,5937,Nick Swisher,32,LF,4,56000000,2012
0,5089,Andres Torres,34,LF,1,2000000,2012
0,30130,Koji Uehara,37,RP,1,4250000,2012
0,5970,Melvin Upton Jr.,28,CF,5,75250000,2012
0,28498,Jose Veras,32,RP,1,1850000,2012
0,5409,Shane Victorino,32,RF,3,39000000,2012
0,5176,Ty Wigginton,35,3B,2,5000000,2012
0,4281,Dewayne Wise,34,CF,1,700000,2012
0,5375,Kevin Youkilis,33,3B,1,12000000,2012
0,6138,Delmon Young,27,RF,1,750000,2012
0,28525,Matt Albers,30,RP,1,2450000,2013
0,29537,J.P. Arencibia,27,C,1,1800000,2013
0,4416,Bronson Arroyo,36,SP,2,23500000,2013
0,30378,John Axford,30,RP,1,4500000,2013
0,4811,Grant Balfour,36,RP,2,12000000,2013
0,29680,Ronald Belisario,31,RP,1,3000000,2013
0,3971,Carlos Beltran,36,DH,3,45000000,2013
0,4588,Joaquin Benoit,36,RP,2,15500000,2013
0,4603,Willie Bloomquist,36,SS,2,5800000,2013
0,29152,Mitchell Boggs,29,RP,1,1100000,2013
0,5407,John Buck,33,C,1,1000000,2013
0,4153,A.J. Burnett,36,SP,1,16000000,2013
0,5033,Marlon Byrd,36,RF,2,16000000,2013
0,6204,Robinson Cano,31,2B,10,240000000,2013
0,5469,Chris Capuano,35,RP,1,2250000,2013
0,28847,Joba Chamberlain,28,RP,1,2500000,2013
0,3953,Eric Chavez,36,3B,1,3500000,2013
0,3926,Bruce Chen,36,SP,1,4250000,2013
0,6205,Shin-Soo Choo,31,RF,7,130000000,2013
0,3602,Bartolo Colon,40,SP,2,20000000,2013
0,5905,Jesse Crain,32,RP,1,3250000,2013
0,6242,Nelson Cruz,33,DH,1,8000000,2013
0,28545,Rajai Davis,33,C,2,10000000,2013
0,4286,Scott Downs,37,RP,1,3750000,2013
0,5086,Mark Ellis,36,2B,1,5250000,2013
0,28637,Jacoby Ellsbury,30,CF,7,153000000,2013
0,6384,Scott Feldman,30,SP,3,30000000,2013
0,5922,Gavin Floyd,30,RP,1,4000000,2013
0,5938,Jason Frasor,36,RP,1,1750000,2013
0,4243,Rafael Furcal,36,2B,1,3500000,2013
0,28528,Matt Garza,30,SP,4,50000000,2013
0,6125,Curtis Granderson,32,LF,4,60000000,2013
0,6408,Franklin Gutierrez,30,LF,1,1000000,2013
0,6480,Jason Hammel,31,SP,1,6000000,2013
0,5565,Dan Haren,33,SP,1,10000000,2013
0,5973,Corey Hart,31,1B,1,6000000,2013
0,3176,LaTroy Hawkins,41,RP,1,2500000,2013
0,6356,Roberto Hernandez,33,SP,1,4500000,2013
0,6312,J.P. Howell,30,RP,2,11250000,2013
0,4084,Tim Hudson,38,SP,2,23000000,2013
0,28638,Phil Hughes,27,RP,3,24000000,2013
0,3504,Raul Ibanez,41,RF,1,2750000,2013
0,5339,Omar Infante,32,2B,4,30000000,2013
0,28625,Ubaldo Jimenez,29,SP,4,48000000,2013
0,6435,Josh Johnson,29,SP,1,8000000,2013
0,6295,Kelly Johnson,31,2B,1,3000000,2013
0,28763,Garrett Jones,32,RF,2,7750000,2013
0,5917,Scott Kazmir,29,SP,2,22000000,2013
0,3747,Paul Konerko,37,DH,1,2500000,2013
0,28950,Hiroki Kuroda,38,SP,1,16000000,2013
0,6486,Boone Logan,29,RP,3,16500000,2013
0,6497,James Loney,29,1B,3,21000000,2013
0,5388,Javier Lopez,36,RP,3,13000000,2013
0,6398,Paul Maholm,31,RP,1,1500000,2013
0,28486,Carlos Marmol,31,RP,1,1250000,2013
0,6309,Brian McCann,29,C,5,85000000,2013
0,29245,Casey McGehee,31,3B,1,1100000,2013
0,6220,Nate McLouth,32,LF,2,10750000,2013
0,28906,Luis Mendoza,30,SP,2,2000000,2013
0,4169,Jose Alberto Molina,22,RP,2,4500000,2013
0,5379,Justin Morneau,32,DH,2,12500000,2013
0,6300,Michael Morse,31,1B,1,6000000,2013
0,28501,Edward Mujica,29,RP,2,9500000,2013
0,28582,David Murphy,32,RF,2,12000000,2013
0,28444,Mike Napoli,32,1B,2,32000000,2013
0,4044,Joe Nathan,39,RP,2,20000000,2013
0,5902,Dioner Navarro,29,C,2,8000000,2013
0,5219,Wil Nieves,36,C,1,1125000,2013
0,6491,Ricky Nolasco,31,SP,4,49000000,2013
0,28549,Eric O'Flaherty,28,RP,2,7000000,2013
0,6272,Juan Carlos Oviedo,31,RP,1,1500000,2013
0,28827,Manny Parra,31,RP,2,5500000,2013
0,28507,Mike Pelfrey,29,SP,2,11000000,2013
0,6285,Brayan Pena,31,C,2,2275000,2013
0,5527,Jhonny Peralta,31,3B,4,53000000,2013
0,3948,A.J. Pierzynski,37,C,1,8250000,2013
0,4946,Nick Punto,36,2B,1,3000000,2013
0,6034,Chad Qualls,35,RP,2,6000000,2013
0,4773,Brian Roberts,36,2B,1,2000000,2013
0,5111,Fernando Rodney,36,RP,2,14000000,2013
0,5357,Francisco Rodriguez,31,RP,1,3250000,2013
0,29206,Adam Rosales,30,SS,1,750000,2013
0,28447,Carlos Ruiz,34,C,3,26000000,2013
0,28789,Brendan Ryan,31,SS,2,5000000,2013
0,28663,Jarrod Saltalamacchia,28,C,3,21000000,2013
0,6307,Skip Schumaker,33,2B,2,5000000,2013
0,28729,Joe Smith,29,RP,3,15750000,2013
0,6428,Geovany Soto,30,C,1,3050000,2013
0,28802,Kurt Suzuki,30,C,1,2750000,2013
0,33150,Masahiro Tanaka,25,SP,7,155000000,2013
0,5650,Matt Thornton,37,RP,2,7000000,2013
0,4657,Juan Uribe,34,3B,2,15000000,2013
0,6352,Jason Vargas,30,SP,4,32000000,2013
0,28498,Jose Veras,33,RP,1,4000000,2013
0,4514,Ryan Vogelsong,36,SP,1,5000000,2013
0,6401,Edinson Volquez,30,SP,1,5000000,2013
0,30032,Ryan Webb,27,RP,2,4500000,2013
0,5026,Jerome Williams,32,RP,1,2100000,2013
0,6521,Brian Wilson,31,RP,1,10000000,2013
0,3489,Jamey Wright,39,RP,1,1800000,2013
0,28940,Wesley Wright,28,RP,1,1425000,2013
0,5375,Kevin Youkilis,34,3B,1,4000000,2013
0,6514,Chris Young,30,CF,1,7250000,2013
0,30041,Brett Anderson,26,SP,1,10000000,2014
0,32053,Norichika Aoki,32,RF,1,4700000,2014
0,29090,Burke Badenhop,31,RP,1,1000000,2014
0,5798,Clint Barmes,35,SS,1,1500000,2014
0,5829,Matt Belisle,34,RP,1,3500000,2014
0,28877,Emilio Bonifacio,29,LF,1,4000000,2014
0,6365,Craig Breslow,34,RP,1,2000000,2014
0,4153,A.J. Burnett,37,SP,1,8500000,2014
0,6396,Billy Butler,28,DH,3,30000000,2014
0,28671,Asdrubal Cabrera,29,2B,1,7500000,2014
0,6347,Melky Cabrera,30,CF,3,42000000,2014
0,28541,Alberto Callaspo,31,3B,1,3000000,2014
0,5469,Chris Capuano,36,RP,1,5000000,2014
0,28847,Joba Chamberlain,29,RP,1,1000000,2014
0,29235,Phil Coke,32,RP,1,2250000,2014
0,5644,Neal Cotts,34,RP,1,3000000,2014
0,6242,Nelson Cruz,34,DH,4,57000000,2014
0,4604,Michael Cuddyer,35,LF,2,21000000,2014
0,6431,Chris Denorfia,34,LF,1,2600000,2014
0,30475,Daniel Descalso,28,3B,2,3600000,2014
0,6298,Stephen Drew,31,SS,1,5000000,2014
0,6219,Zach Duke,31,RP,3,15000000,2014
0,5922,Gavin Floyd,31,RP,1,4000000,2014
0,6528,Kevin Frandsen,32,2B,1,1000000,2014
0,5938,Jason Frasor,37,RP,1,1800000,2014
0,32583,Kyuji Fujikawa,34,RP,1,1100000,2014
0,5860,Jonny Gomes,34,LF,1,4000000,2014
0,6449,Tom Gorzelanny,32,RP,1,1000000,2014
0,30276,Luke Gregerson,30,RP,3,18500000,2014
0,4350,Jason Grilli,38,RP,2,8000000,2014
0,6480,Jason Hammel,32,SP,2,18000000,2014
0,5181,Aaron Harang,36,SP,1,5000000,2014
0,5973,Corey Hart,32,1B,1,2500000,2014
0,28809,Chase Headley,30,3B,4,52000000,2014
0,28643,Luke Hochevar,31,RP,2,10000000,2014
0,29180,Nick Hundley,31,C,2,6250000,2014
0,3723,Torii Hunter,39,RF,1,10500000,2014
0,6526,Casey Janssen,33,RP,1,5000000,2014
0,28531,Jim Johnson,31,RP,1,1600000,2014
0,6435,Josh Johnson,30,SP,1,1000000,2014
0,28804,Kyle Kendrick,30,SP,1,5500000,2014
0,5879,Adam LaRoche,35,DH,2,25000000,2014
0,28487,Jon Lester,30,SP,6,155000000,2014
0,5067,Colby Lewis,35,SP,1,4000000,2014
0,6211,Francisco Liriano,31,SP,3,39000000,2014
0,29074,Jed Lowrie,30,2B,3,23000000,2014
0,6478,Nick Markakis,31,RF,4,44000000,2014
0,6390,Russell Martin,31,C,5,82000000,2014
0,5007,Victor Martinez,36,DH,4,68000000,2014
0,28977,Justin Masterson,29,SP,1,9500000,2014
0,6191,Brandon McCarthy,31,SP,4,48000000,2014
0,30264,Kris Medlen,29,SP,2,8500000,2014
0,28563,Andrew Miller,29,RP,4,36000000,2014
0,6188,Kendrys Morales,31,DH,2,17000000,2014
0,28734,Brandon Morrow,30,RP,1,2500000,2014
0,6300,Michael Morse,32,1B,2,8000000,2014
0,29256,Jason Motte,32,RP,1,4500000,2014
0,28489,Pat Neshek,34,RP,2,12500000,2014
0,30549,Alexi Ogando,31,RP,1,1500000,2014
0,5019,Jake Peavy,33,SP,2,24000000,2014
0,3948,A.J. Pierzynski,38,C,1,2000000,2014
0,6195,Hanley Ramirez,31,DH,4,88000000,2014
0,28973,Colby Rasmus,28,LF,1,8000000,2014
0,28772,Mark Reynolds,31,1B,1,2000000,2014
0,5880,Alex Rios,33,RF,1,11000000,2014
0,29172,David Robertson,29,RP,4,46000000,2014
0,5357,Francisco Rodriguez,32,RP,2,13000000,2014
0,29168,Sergio Romo,31,SP,2,15000000,2014
0,5206,David Ross,37,C,2,5000000,2014
0,29212,Pablo Sandoval,28,3B,5,95000000,2014
0,6280,Ervin Santana,32,SP,4,55000000,2014
0,28976,Max Scherzer,30,SP,7,210000000,2014
0,28474,James Shields,33,SP,4,75000000,2014
0,30175,Justin Smoak,28,1B,1,1000000,2014
0,6207,Tim Stauffer,32,RP,1,2200000,2014
0,4570,Ichiro Suzuki,41,RF,1,2000000,2014
0,33662,Yasmany Tomas,24,LF,6,68500000,2014
0,4514,Ryan Vogelsong,37,SP,1,4000000,2014
0,6401,Edinson Volquez,31,SP,2,20000000,2014
0,5652,Rickie Weeks,32,DH,1,2000000,2014
0,6073,Chris Young,35,SP,1,675000,2014
0,6514,Chris Young,31,CF,1,2500000,2014
0,6138,Delmon Young,29,RF,1,2250000,2014
0,28525,Matt Albers,32,RP,1,2250000,2015
0,29962,Pedro Alvarez,28,1B,1,5750000,2015
0,30041,Brett Anderson,27,SP,1,15800000,2015
0,32053,Norichika Aoki,33,RF,1,5500000,2015
0,30115,Alex Avila,28,C,1,2500000,2015
0,29145,Mike Aviles,34,SS,1,2000000,2015
0,30378,John Axford,32,RP,2,10000000,2015
0,29567,Darwin Barney,30,2B,1,1050000,2015
0,30105,Antonio Bastardo,30,RP,2,12000000,2015
0,30117,Gordon Beckham,29,3B,1,1250000,2015
0,6132,Joe Blanton,35,RP,1,4000000,2015
0,28915,Jerry Blevins,32,RP,1,4000000,2015
0,6370,Jonathan Broxton,31,RP,2,7500000,2015
0,28671,Asdrubal Cabrera,30,2B,2,18500000,2015
0,30054,Trevor Cahill,27,SP,1,4250000,2015
0,32080,Yoenis Cespedes,30,LF,3,75000000,2015
0,32048,Wei-Yin Chen,30,SP,5,80000000,2015
0,30963,Steve Cishek,29,RP,2,10000000,2015
0,28694,Tyler Clippard,30,RP,2,12250000,2015
0,3602,Bartolo Colon,42,SP,1,7250000,2015
0,28955,Johnny Cueto,29,SP,6,130000000,2015
0,29170,Chris Davis,29,1B,7,161000000,2015
0,28545,Rajai Davis,35,C,1,5250000,2015
0,28728,Alejandro De Aza,31,CF,1,5750000,2015
0,29646,Ian Desmond,30,1B,1,8000000,2015
0,6298,Stephen Drew,32,SS,1,3000000,2015
0,29215,Marco Estrada,32,SP,2,26000000,2015
0,30370,Doug Fister,31,SP,1,7000000,2015
0,5922,Gavin Floyd,32,RP,1,1000000,2015
0,29252,Dexter Fowler,29,RF,1,13000000,2015
0,29694,David Freese,32,1B,1,3000000,2015
0,28650,Yovani Gallardo,29,SP,2,22000000,2015
0,28636,Alex Gordon,31,LF,4,72000000,2015
0,5883,Zack Greinke,32,SP,6,206500000,2015
0,28817,J.A. Happ,33,SP,3,36000000,2015
0,29551,Jason Heyward,26,RF,8,184000000,2015
0,6321,Rich Hill,35,SP,1,6000000,2015
0,29198,Tommy Hunter,29,RP,1,2000000,2015
0,28561,Chris Iannetta,32,C,1,4250000,2015
0,30965,Hisashi Iwakuma,34,SP,1,12000000,2015
0,29453,Austin Jackson,28,CF,1,5000000,2015
0,29255,John Jaso,32,1B,2,8000000,2015
0,6295,Kelly Johnson,33,2B,1,2000000,2015
0,5917,Scott Kazmir,31,SP,3,48000000,2015
0,30258,Shawn Kelley,31,RP,3,15000000,2015
0,6524,Howie Kendrick,32,LF,2,20000000,2015
0,28864,Ian Kennedy,31,SP,5,70000000,2015
0,5203,John Lackey,37,SP,2,32000000,2015
0,30196,Mat Latos,28,SP,1,3000000,2015
0,30465,Mike Leake,28,SP,5,80000000,2015
0,5067,Colby Lewis,36,SP,1,6000000,2015
0,28511,Mark Lowe,32,RP,2,11000000,2015
0,5382,Ryan Madson,35,RP,3,22000000,2015
0,5921,Jeff Mathis,32,C,1,1500000,2015
0,29256,Jason Motte,33,RP,2,10000000,2015
0,29200,Daniel Murphy,30,2B,3,37500000,2015
0,28444,Mike Napoli,34,1B,1,7000000,2015
0,5902,Dioner Navarro,31,C,1,4000000,2015
0,30369,Bud Norris,30,RP,1,2500000,2015
0,29081,Darren O'Day,33,RP,4,31000000,2015
0,34839,ByungHo Park,29,DH,4,12000000,2015
0,29807,Gerardo Parra,28,LF,3,27500000,2015
0,28886,Steve Pearce,32,1B,1,4750000,2015
0,28507,Mike Pelfrey,31,SP,2,16000000,2015
0,6285,Brayan Pena,33,C,2,5000000,2015
0,29210,Cliff Pennington,31,2B,2,3750000,2015
0,5192,Oliver Perez,34,RP,2,7000000,2015
0,6470,Yusmeiro Petit,31,RP,1,3000000,2015
0,3948,A.J. Pierzynski,39,C,1,3000000,2015
0,28958,David Price,30,SP,7,217000000,2015
0,6034,Chad Qualls,37,RP,2,6000000,2015
0,28952,Alexei Ramirez,34,SS,1,4000000,2015
0,28973,Colby Rasmus,29,LF,1,15800000,2015
0,28772,Mark Reynolds,32,1B,1,2600000,2015
0,5111,Fernando Rodney,38,RP,1,2000000,2015
0,29105,Sean Rodriguez,30,1B,1,2500000,2015
0,29166,Jeff Samardzija,30,SP,5,90000000,2015
0,34840,Yaisel Sierra,24,RP,6,30000000,2015
0,28673,Tony Sipp,32,RP,3,18000000,2015
0,28688,Joakim Soria,31,RP,3,25000000,2015
0,6428,Geovany Soto,32,C,1,2800000,2015
0,29087,Denard Span,31,LF,3,31000000,2015
0,28841,Justin Upton,28,LF,6,132750000,2015
0,4657,Juan Uribe,36,3B,1,4000000,2015
0,5383,Chase Utley,37,2B,1,7000000,2015
0,28466,Carlos Villanueva,32,RP,1,1500000,2015
0,4514,Ryan Vogelsong,38,SP,1,2000000,2015
0,30032,Ryan Webb,29,RP,1,1000000,2015
0,29287,Matt Wieters,29,C,1,15800000,2015
0,6073,Chris Young,36,SP,2,11500000,2015
0,6514,Chris Young,32,CF,2,13000000,2015
0,30209,Jordan Zimmermann,29,SP,5,110000000,2015
0,28536,Ben Zobrist,34,LF,4,56000000,2015
0,30041,Brett Anderson,28,SP,1,3500000,2016
0,30115,Alex Avila,29,C,1,2000000,2016
0,30096,Andrew Bailey,32,RP,1,1000000,2016
0,5890,Jose Bautista,36,RF,1,18000000,2016
0,5829,Matt Belisle,36,RP,1,2050000,2016
0,3971,Carlos Beltran,39,DH,1,16000000,2016
0,4588,Joaquin Benoit,39,RP,1,7500000,2016
0,5943,Andres Blanco,32,3B,1,3000000,2016
0,6132,Joe Blanton,36,RP,1,4000000,2016
0,28915,Jerry Blevins,33,RP,1,6500000,2016
0,29436,Drew Butera,33,C,2,3800000,2016
0,30054,Trevor Cahill,28,SP,1,1750000,2016
0,29486,Chris Carter,30,1B,1,3000000,2016
0,30134,Andrew Cashner,30,SP,1,10000000,2016
0,6060,Santiago Casilla,36,RP,2,11000000,2016
0,29564,Welington Castillo,29,C,1,6000000,2016
0,30178,Jason Castro,29,C,3,24500000,2016
0,30296,Brett Cecil,30,RP,4,30500000,2016
0,32080,Yoenis Cespedes,31,LF,4,110000000,2016
0,30147,Jhoulys Chacin,28,SP,1,1750000,2016
0,30442,Aroldis Chapman,28,RP,5,86000000,2016
0,29220,Jesse Chavez,33,RP,1,5750000,2016
0,3602,Bartolo Colon,43,SP,1,12500000,2016
0,28545,Rajai Davis,36,C,1,6000000,2016
0,30475,Daniel Descalso,30,3B,1,1500000,2016
0,29646,Ian Desmond,31,1B,5,70000000,2016
0,4695,R.A. Dickey,42,SP,1,8000000,2016
0,6298,Stephen Drew,33,SS,1,3500000,2016
0,28960,Brian Duensing,33,RP,1,2000000,2016
0,30081,Mike Dunn,31,RP,3,19000000,2016
0,29258,A.J. Ellis,35,C,1,2500000,2016
0,5904,Edwin Encarnacion,33,1B,3,60000000,2016
0,6384,Scott Feldman,33,SP,1,2300000,2016
0,30149,Neftali Feliz,28,RP,1,5350000,2016
0,29376,Casey Fien,33,RP,1,1100000,2016
0,29252,Dexter Fowler,30,RF,5,82500000,2016
0,28762,Carlos Gomez,31,RF,1,11500000,2016
0,6408,Franklin Gutierrez,33,LF,1,2600000,2016
0,6480,Jason Hammel,34,SP,2,16000000,2016
0,30519,Chris Heisey,32,CF,1,1400000,2016
0,30506,Jeremy Hellickson,29,SP,1,17200000,2016
0,6321,Rich Hill,36,SP,3,48000000,2016
0,30148,Derek Holland,30,SP,1,6000000,2016
0,5940,Matt Holliday,36,LF,1,13000000,2016
0,6312,J.P. Howell,33,RP,1,3000000,2016
0,30376,Daniel Hudson,29,RP,2,11000000,2016
0,29180,Nick Hundley,33,C,1,2000000,2016
0,28561,Chris Iannetta,33,C,1,1700000,2016
0,29630,Kenley Jansen,29,RP,5,80000000,2016
0,29691,Jon Jay,31,CF,1,8000000,2016
0,29124,Matt Joyce,32,RF,2,11000000,2016
0,28579,Adam Lind,33,LF,1,1500000,2016
0,31068,Jeff Locke,29,SP,1,3025000,2016
0,6486,Boone Logan,32,RP,1,5500000,2016
0,5921,Jeff Mathis,33,C,2,4000000,2016
0,5919,Dustin McGowan,34,RP,1,1750000,2016
0,29446,Mark Melancon,31,RP,4,62000000,2016
0,33566,Thomas Milone,21,CF,1,1250000,2016
0,6188,Kendrys Morales,33,DH,3,33000000,2016
0,30452,Mitch Moreland,31,1B,1,5500000,2016
0,30536,Logan Morrison,29,1B,1,2500000,2016
0,29155,Charlie Morton,33,SP,2,14000000,2016
0,28844,Brandon Moss,33,RF,2,12000000,2016
0,28444,Mike Napoli,35,1B,1,8500000,2016
0,30400,Ivan Nova,29,SP,3,26000000,2016
0,30393,Logan Ondrusek,31,RP,1,650000,2016
0,28886,Steve Pearce,33,1B,2,12500000,2016
0,29441,Trevor Plouffe,30,3B,1,5250000,2016
0,30173,Wilson Ramos,29,C,2,12500000,2016
0,28973,Colby Rasmus,30,LF,1,5000000,2016
0,30195,Josh Reddick,29,RF,4,52000000,2016
0,29976,Ben Revere,28,CF,1,4000000,2016
0,29195,Clayton Richard,33,SP,1,1750000,2016
0,5111,Fernando Rodney,39,RP,1,2750000,2016
0,29105,Sean Rodriguez,31,1B,2,11000000,2016
0,29168,Sergio Romo,33,SP,1,3000000,2016
0,29206,Adam Rosales,33,SS,1,1250000,2016
0,30099,Tyson Ross,29,SP,1,6000000,2016
0,30366,Marc Rzepczynski,31,RP,2,11000000,2016
0,30650,Fernando Salas,31,RP,1,3000000,2016
0,29505,Michael Saunders,30,LF,1,9000000,2016
0,28729,Joe Smith,32,RP,1,3000000,2016
0,30534,Drew Storen,29,RP,1,3000000,2016
0,28802,Kurt Suzuki,33,C,1,1500000,2016
0,30095,Junichi Tazawa,30,RP,2,12000000,2016
0,30709,Eric Thames,30,1B,3,16000000,2016
0,31886,Shawn Tolleson,28,RP,1,1150000,2016
0,29322,Mark Trumbo,30,DH,3,37500000,2016
0,29607,Justin Turner,32,3B,4,64000000,2016
0,30130,Koji Uehara,41,RP,1,6000000,2016
0,5383,Chase Utley,38,2B,1,2000000,2016
0,29246,Luis Valbuena,31,3B,2,15000000,2016
0,6401,Edinson Volquez,33,SP,2,22000000,2016
0,29590,Neil Walker,31,2B,1,17200000,2016
0,6479,Jered Weaver,34,SP,1,3000000,2016
0,29287,Matt Wieters,30,C,2,21000000,2016
0,30515,Travis Wood,29,SP,2,12000000,2016
0,29147,Brad Ziegler,37,RP,2,16000000,2016
0,31359,Matt Adams,29,1B,1,4000000,2017
0,28525,Matt Albers,34,RP,2,5000000,2017
0,30016,Yonder Alonso,30,1B,2,16000000,2017
0,30145,Jake Arrieta,31,SP,3,75000000,2017
0,30115,Alex Avila,30,C,2,8250000,2017
0,6522,Erick Aybar,33,SS,1,1250000,2017
0,30181,Tony Barnette,34,RP,1,1500000,2017
0,4588,Joaquin Benoit,40,RP,1,1000000,2017
0,29318,Peter Bourjos,30,CF,1,1450000,2017
0,28954,Jay Bruce,30,RF,3,39000000,2017
0,30054,Trevor Cahill,29,SP,1,1250000,2017
0,29416,Lorenzo Cain,31,CF,5,80000000,2017
0,30134,Andrew Cashner,31,SP,2,16000000,2017
0,29564,Welington Castillo,30,C,2,15000000,2017
0,30147,Jhoulys Chacin,29,SP,2,15500000,2017
0,30564,Tyler Chatwood,28,SP,3,38000000,2017
0,29220,Jesse Chavez,34,RP,1,1500000,2017
0,30963,Steve Cishek,31,RP,2,13000000,2017
0,31086,Alex Cobb,30,SP,4,57000000,2017
0,30466,Zack Cozart,32,3B,3,38000000,2017
0,32055,Yu Darvish,31,SP,6,126000000,2017
0,28957,Wade Davis,32,RP,3,52000000,2017
0,30953,Lucas Duda,31,1B,1,3500000,2017
0,28960,Brian Duensing,34,RP,2,7000000,2017
0,6219,Zach Duke,34,RP,1,2150000,2017
0,30461,Jarrod Dyson,33,CF,2,7500000,2017
0,29229,Alcides Escobar,31,SS,1,2500000,2017
0,30773,Mike Fiers,32,SP,1,6000000,2017
0,30370,Doug Fister,33,SP,1,4000000,2017
0,30004,Todd Frazier,31,3B,2,17000000,2017
0,28650,Yovani Gallardo,31,SP,1,2000000,2017
0,29185,Jaime Garcia,31,SP,1,10000000,2017
0,28762,Carlos Gomez,32,RF,1,4000000,2017
0,28658,Carlos Gonzalez,32,RF,1,8000000,2017
0,29310,Miguel Gonzalez,33,SP,1,4750000,2017
0,6125,Curtis Granderson,36,LF,1,5000000,2017
0,30276,Luke Gregerson,33,RP,2,11000000,2017
0,30058,David Hernandez,32,RP,2,5000000,2017
0,30993,Eric Hosmer,28,1B,8,144000000,2017
0,31556,Jared Hughes,32,RP,2,4500000,2017
0,29180,Nick Hundley,34,C,1,2500000,2017
0,29198,Tommy Hunter,31,RP,2,18000000,2017
0,28561,Chris Iannetta,34,C,2,8500000,2017
0,29453,Austin Jackson,30,CF,2,6000000,2017
0,6524,Howie Kendrick,34,LF,2,7000000,2017
0,30959,Brandon Kintzler,33,RP,2,10000000,2017
0,31079,Tom Koehler,31,RP,1,2000000,2017
0,6211,Francisco Liriano,34,SP,1,4000000,2017
0,6486,Boone Logan,33,RP,1,2500000,2017
0,30456,Jonathan Lucroy,31,C,1,6500000,2017
0,31061,Jordan Lyles,27,RP,1,1000000,2017
0,30820,Lance Lynn,30,SP,1,12000000,2017
0,31588,Leonys Martin,29,CF,1,1750000,2017
0,31065,J.D. Martinez,30,RF,5,110000000,2017
0,6455,Cameron Maybin,30,LF,1,3250000,2017
0,32680,T.J. McFarland,28,RP,1,850000,2017
0,28959,Jake McGee,31,RP,3,27000000,2017
0,30624,Mike Minor,30,SP,3,28000000,2017
0,30452,Mitch Moreland,32,1B,2,13000000,2017
0,30536,Logan Morrison,30,1B,1,6500000,2017
0,28734,Brandon Morrow,33,RP,2,21000000,2017
0,29999,Mike Moustakas,29,3B,1,6500000,2017
0,28489,Pat Neshek,37,RP,2,16250000,2017
0,30511,Juan Nicasio,31,RP,2,17000000,2017
0,30369,Bud Norris,32,RP,1,3000000,2017
0,30290,Eduardo Nunez,30,3B,1,4000000,2017
0,34893,Seunghwan Oh,35,RP,1,2750000,2017
0,31140,Wily Peralta,28,RP,1,1525000,2017
0,6470,Yusmeiro Petit,33,RP,2,10000000,2017
0,30937,Michael Pineda,28,SP,2,10000000,2017
0,31493,Addison Reed,29,RP,2,16750000,2017
0,5411,Jose Reyes,34,SS,1,2000000,2017
0,6128,Rene Rivera,34,C,1,2800000,2017
0,5111,Fernando Rodney,40,RP,1,4500000,2017
0,29168,Sergio Romo,34,SP,1,2500000,2017
0,30089,Hector Rondon,29,RP,2,8500000,2017
0,4553,CC Sabathia,37,SP,1,10000000,2017
0,6472,Anibal Sanchez,33,SP,1,2500000,2017
0,30280,Carlos Santana,31,1B,3,60000000,2017
0,30589,Bryan Shaw,30,RP,3,27000000,2017
0,28729,Joe Smith,33,RP,2,15000000,2017
0,31816,Drew Smyly,28,RP,2,10000000,2017
0,30361,Craig Stammen,33,RP,2,4500000,2017
0,30153,Anthony Swarzak,32,RP,2,14000000,2017
0,30285,Chris Tillman,29,SP,1,3000000,2017
0,5383,Chase Utley,39,2B,2,2000000,2017
0,6352,Jason Vargas,34,SP,2,16000000,2017
0,29590,Neil Walker,32,2B,1,4000000,2017
0,31513,Tony Watson,32,RP,3,9000000,2017
0,6514,Chris Young,34,CF,1,2000000,2017
